[
  {
    "FirstName": "admin",
    "Email": "admin@gmail.com",
    "UserName": "admin",
    "EmailConfirmed": true,
    "LockoutEnabled": true,
    "AccessFailedCount": 10,
    "PhoneNumber": "0123456789",
    "PhoneNumberConfirmed": true,
    "TwoFactorEnabled": false,
    "IsActive": true,
    "CreatedDate": "2020-08-28T14:37:20.4241952+00:00",
    "ModifiedDate": "2020-08-28T14:37:20.4241952+00:00",
    "NormalizedEmail": "ADMIN@GMAIL.COM",
    "NormalizedUserName": "ADMIN"
  },
  {
    "FirstName": "manager",
    "Email": "manager@gmail.com",
    "UserName": "manager",
    "EmailConfirmed": true,
    "LockoutEnabled": true,
    "AccessFailedCount": 10,
    "PhoneNumber": "0123456789",
    "PhoneNumberConfirmed": true,
    "TwoFactorEnabled": false,
    "IsActive": true,
    "CreatedDate": "2020-08-28T14:37:20.4241952+00:00",
    "ModifiedDate": "2020-08-28T14:37:20.4241952+00:00",
    "NormalizedEmail": "MANAGER@GMAIL.COM",
    "NormalizedUserName": "MANAGER"
  },
  {
    "FirstName": "user",
    "Email": "user@gmail.com",
    "UserName": "user",
    "EmailConfirmed": true,
    "LockoutEnabled": true,
    "AccessFailedCount": 10,
    "PhoneNumber": "0123456789",
    "PhoneNumberConfirmed": true,
    "TwoFactorEnabled": false,
    "IsActive": true,
    "CreatedDate": "2020-08-28T14:37:20.4241952+00:00",
    "ModifiedDate": "2020-08-28T14:37:20.4241952+00:00",
    "NormalizedEmail": "USER@GMAIL.COM",
    "NormalizedUserName": "USER"
  },
  {
    "FirstName": "guest",
    "Email": "guest@gmail.com",
    "UserName": "guest",
    "EmailConfirmed": true,
    "LockoutEnabled": true,
    "AccessFailedCount": 10,
    "PhoneNumber": "0123456789",
    "PhoneNumberConfirmed": true,
    "TwoFactorEnabled": false,
    "IsActive": true,
    "CreatedDate": "2020-08-28T14:37:20.4241952+00:00",
    "ModifiedDate": "2020-08-28T14:37:20.4241952+00:00",
    "NormalizedEmail": "GUEST@GMAIL.COM",
    "NormalizedUserName": "GUEST"
  }
]