{
  "version": "1.0",
  "defaultProvider": "cdnjs",
  "libraries": [
    {
      "library": "bootstrap-sweetalert@1.0.1",
      "destination": "wwwroot/lib/bootstrap-sweetalert/"
    },
    {
      "library": "bootstrap-datetimepicker@4.17.47",
      "destination": "wwwroot/lib/bootstrap-datetimepicker/"
    },
    {
      "library": "bootstrap-multiselect@0.9.15",
      "destination": "wwwroot/lib/bootstrap-multiselect/"
    },
    {
      "library": "moment.js@2.27.0",
      "destination": "wwwroot/lib/moment.js/"
    },
    {
      "library": "jqueryui@1.12.1",
      "destination": "wwwroot/lib/jqueryui/"
    },
    {
      "library": "bootstrap-datepicker@1.9.0",
      "destination": "wwwroot/lib/bootstrap-datepicker/"
    },
    {
      "library": "font-awesome@5.14.0",
      "destination": "wwwroot/lib/font-awesome/"
    },
    {
      "library": "bootstrap-select@1.13.18",
      "destination": "wwwroot/lib/bootstrap-select/"
    },
    {
      "library": "jquery-validation-unobtrusive@3.2.11",
      "destination": "wwwroot/lib/jquery-validation-unobtrusive/"
    },
    {
      "library": "jquery-validate@1.19.2",
      "destination": "wwwroot/lib/jquery-validate/"
    },
    {
      "library": "jquery@3.5.1",
      "destination": "wwwroot/lib/jquery/"
    }
  ]
}